{
   "dashboards": [{
      "autoswitchEnabled": false,
      "columnCount": 1,
      "columnProportion": "1-1",
      "creationTime": 1673300153729,
      "dashboardNavigations": {},
      "description": "",
      "disabled": false,
      "gridsterMaxColumns": 12,
      "hidden": false,
      "homeTab": false,
      "id": "b1964d12-9fc7-41b4-9c14-4cc5e4ad5666",
      "importAttempts": 0,
      "importComplete": true,
      "lastUpdateTime": 1674164347416,
      "lastUpdateUserId": "287ed085-c6ca-4255-b69c-956f1665ed51",
      "locked": false,
      "name": "Custom Dashboards/Cluster Details",
      "namePath": "Custom Dashboards",
      "rank": 0,
      "shared": false,
      "states": [{
         "key": "permDashboardTime_dashboard_b1964d12-9fc7-41b4-9c14-4cc5e4ad5666",
         "value": "o%3AdateRange%3Ds%253Alast90Days%5EdateRangeText%3Ds%253ALast%252090%2520days"
      }],
      "temporary": false,
      "userId": "287ed085-c6ca-4255-b69c-956f1665ed51",
      "widgetInteractions": [
         {
            "type": "resourceId",
            "widgetIdProvider": "87f63b4c-9a2e-4318-a844-a28faadbd138",
            "widgetIdReceiver": "5dd84ba0-13e5-41ed-9eec-1bb1d39db0be"
         },
         {
            "type": "resourceId",
            "widgetIdProvider": "87f63b4c-9a2e-4318-a844-a28faadbd138",
            "widgetIdReceiver": "ee298317-6a05-460f-befc-5abf09823017"
         },
         {
            "type": "resourceId",
            "widgetIdProvider": "87f63b4c-9a2e-4318-a844-a28faadbd138",
            "widgetIdReceiver": "788439dd-3559-4c1d-84bb-46a80ffbbc2e"
         },
         {
            "type": "resourceId",
            "widgetIdProvider": "87f63b4c-9a2e-4318-a844-a28faadbd138",
            "widgetIdReceiver": "77a34c6e-b47f-434c-a84a-9283dda5a90b"
         },
         {
            "type": "resourceId",
            "widgetIdProvider": "87f63b4c-9a2e-4318-a844-a28faadbd138",
            "widgetIdReceiver": "4b572624-2fc3-4b39-939c-8f31305c2ad7"
         },
         {
            "type": "resourceId",
            "widgetIdProvider": "87f63b4c-9a2e-4318-a844-a28faadbd138",
            "widgetIdReceiver": "073e1860-d0bb-4b81-92d7-422e387d41c1"
         },
         {
            "type": "resourceId",
            "widgetIdProvider": "87f63b4c-9a2e-4318-a844-a28faadbd138",
            "widgetIdReceiver": "47222afe-bff5-43c1-9138-bc090a795e1e"
         },
         {
            "type": "resourceId",
            "widgetIdProvider": "87f63b4c-9a2e-4318-a844-a28faadbd138",
            "widgetIdReceiver": "c3a6482f-23f4-46d2-89d8-564a838698a3"
         }
      ],
      "widgets": [
         {
            "collapsed": false,
            "config": {
               "chartViewItems": [],
               "isUpdatedView": true,
               "refreshContent": {"refreshContent": true},
               "refreshInterval": 300,
               "resource": null,
               "selectFirstRow": {"selectFirstRow": true},
               "selfProvider": {"selfProvider": false},
               "title": "VMs (for selected Cluster)",
               "traversalSpecId": "",
               "viewDefinitionId": "fd8ba10e-dcbd-48e8-b21a-f6523bf5c43d"
            },
            "gridsterCoords": {
               "h": 6,
               "w": 9,
               "x": 1,
               "y": 13
            },
            "height": 324,
            "id": "77a34c6e-b47f-434c-a84a-9283dda5a90b",
            "states": [
               {
                  "key": "perm_isDashboardTime_widget_b1964d12-9fc7-41b4-9c14-4cc5e4ad5666_77a34c6e-b47f-434c-a84a-9283dda5a90b",
                  "value": "b%3A0"
               },
               {
                  "key": "perm_toolbarVisible_widget_b1964d12-9fc7-41b4-9c14-4cc5e4ad5666_77a34c6e-b47f-434c-a84a-9283dda5a90b",
                  "value": "b%3A1"
               }
            ],
            "title": "VMs (for selected Cluster)",
            "type": "View"
         },
         {
            "collapsed": false,
            "config": {
               "additionalColumns": [],
               "barsCount": 10,
               "customFilter": {
                  "excludedResources": null,
                  "filter": [],
                  "includedResources": null
               },
               "depth": 2,
               "filterMode": "tagPicker",
               "filterOldMetrics": {"filterOldMetrics": false},
               "maxValue": null,
               "metric": {
                  "metricKey": "cpu|usage_average",
                  "name": "CPU|Usage (%)"
               },
               "metricName": "CPU Usage (%)",
               "metricUnit": {
                  "metricUnitId": -1,
                  "metricUnitName": "Auto"
               },
               "mode": "all",
               "orangeBound": 95,
               "percentileValue": null,
               "redBound": 99,
               "refreshContent": {"refreshContent": true},
               "refreshInterval": 300,
               "regenerationTime": 15,
               "relationshipMode": {"relationshipMode": -1},
               "resource": [],
               "resourceKind": [{"id": "resourceKind:id:0_::_"}],
               "roundDecimals": 1,
               "selfProvider": {"selfProvider": false},
               "tagFilter": null,
               "title": "Top 10 VMs CPU Usage (for selected Cluster)",
               "topOption": "metricsHighestUtilization",
               "yellowBound": 90
            },
            "gridsterCoords": {
               "h": 6,
               "w": 3,
               "x": 10,
               "y": 1
            },
            "height": 324,
            "id": "5dd84ba0-13e5-41ed-9eec-1bb1d39db0be",
            "title": "Top 10 VMs CPU Usage (for selected Cluster)",
            "type": "ParetoAnalysis"
         },
         {
            "collapsed": false,
            "config": {
               "additionalColumns": [],
               "barsCount": 10,
               "customFilter": {
                  "excludedResources": null,
                  "filter": [],
                  "includedResources": null
               },
               "depth": 2,
               "filterMode": "tagPicker",
               "filterOldMetrics": {"filterOldMetrics": false},
               "metric": {
                  "metricKey": "cpu|demandPct",
                  "name": "CPU|Demand (%)"
               },
               "metricName": "CPU Ready (ms)",
               "metricUnit": {
                  "metricUnitId": -1,
                  "metricUnitName": "Auto"
               },
               "mode": "all",
               "orangeBound": 95,
               "percentileValue": null,
               "redBound": 99,
               "refreshContent": {"refreshContent": true},
               "refreshInterval": 300,
               "regenerationTime": 15,
               "relationshipMode": {"relationshipMode": -1},
               "resource": [],
               "resourceKind": [{"id": "resourceKind:id:0_::_"}],
               "roundDecimals": 1,
               "selfProvider": {"selfProvider": false},
               "tagFilter": null,
               "title": "Top 10 VMs CPU Demand (for selected Cluster)",
               "topOption": "metricsHighestUtilization",
               "yellowBound": 90
            },
            "gridsterCoords": {
               "h": 6,
               "w": 3,
               "x": 10,
               "y": 7
            },
            "height": 324,
            "id": "ee298317-6a05-460f-befc-5abf09823017",
            "title": "Top 10 VMs CPU Demand (for selected Cluster)",
            "type": "ParetoAnalysis"
         },
         {
            "collapsed": false,
            "config": {
               "additionalColumns": [],
               "barsCount": 10,
               "customFilter": {
                  "excludedResources": null,
                  "filter": [],
                  "includedResources": null
               },
               "depth": 2,
               "filterMode": "tagPicker",
               "filterOldMetrics": {"filterOldMetrics": false},
               "maxValue": null,
               "metric": {
                  "metricKey": "mem|usage_average",
                  "name": "Memory|Usage (%)"
               },
               "metricName": "Memory Usage (%)",
               "metricUnit": {
                  "metricUnitId": -1,
                  "metricUnitName": "Auto"
               },
               "mode": "all",
               "orangeBound": 95,
               "percentileValue": null,
               "redBound": 99,
               "refreshContent": {"refreshContent": true},
               "refreshInterval": 300,
               "regenerationTime": 15,
               "relationshipMode": {"relationshipMode": -1},
               "resource": [],
               "resourceKind": [{"id": "resourceKind:id:0_::_"}],
               "roundDecimals": 1,
               "selfProvider": {"selfProvider": false},
               "tagFilter": null,
               "title": "Top 10 VMs Memory Usage (for selected Cluster)",
               "topOption": "metricsHighestUtilization",
               "yellowBound": 90
            },
            "gridsterCoords": {
               "h": 6,
               "w": 3,
               "x": 10,
               "y": 13
            },
            "height": 324,
            "id": "788439dd-3559-4c1d-84bb-46a80ffbbc2e",
            "title": "Top 10 VMs Memory Usage (for selected Cluster)",
            "type": "ParetoAnalysis"
         },
         {
            "collapsed": false,
            "config": {
               "chartViewItems": [],
               "isUpdatedView": true,
               "refreshContent": {"refreshContent": true},
               "refreshInterval": 300,
               "resource": {
                  "id": "Ext.vcops.chrome.model.Resource-103",
                  "resourceId": "resource:id:0_::_",
                  "resourceKindId": "002006VMWAREvSphere World",
                  "resourceName": "vSphere World",
                  "traversalSpecId": ""
               },
               "selectFirstRow": {"selectFirstRow": true},
               "selfProvider": {"selfProvider": true},
               "title": "Clusters",
               "traversalSpecId": null,
               "viewDefinitionId": "6fb1f4a6-8b78-46e4-93f3-c4598b0fc680"
            },
            "gridsterCoords": {
               "h": 6,
               "w": 9,
               "x": 1,
               "y": 1
            },
            "height": 323,
            "id": "87f63b4c-9a2e-4318-a844-a28faadbd138",
            "states": [
               {
                  "key": "permSelectedDate_widget_b1964d12-9fc7-41b4-9c14-4cc5e4ad5666_87f63b4c-9a2e-4318-a844-a28faadbd138",
                  "value": "s%3A%7B%22minType%22%3A%22.TimeIntervalControl%22%2C%22advancedTimeMode%22%3Afalse%2C%22fromTime%22%3Anull%2C%22unit%22%3A%22DAYS%22%2C%22count%22%3A30%2C%22priorUnit%22%3Anull%2C%22priorCount%22%3Anull%2C%22startSubUnit%22%3Anull%2C%22startPeriod%22%3Anull%2C%22toTime%22%3Anull%2C%22endUnit%22%3Anull%2C%22endCount%22%3Anull%2C%22endSubUnit%22%3Anull%2C%22endPeriod%22%3Anull%2C%22isRealTimeData%22%3Anull%2C%22mondayHours%22%3A%5B%5D%2C%22tuesdayHours%22%3A%5B%5D%2C%22wednesdayHours%22%3A%5B%5D%2C%22thursdayHours%22%3A%5B%5D%2C%22fridayHours%22%3A%5B%5D%2C%22saturdayHours%22%3A%5B%5D%2C%22sundayHours%22%3A%5B%5D%7D"
               },
               {
                  "key": "perm_isDashboardTime_widget_b1964d12-9fc7-41b4-9c14-4cc5e4ad5666_87f63b4c-9a2e-4318-a844-a28faadbd138",
                  "value": "b%3A0"
               }
            ],
            "title": "Clusters",
            "type": "View"
         },
         {
            "collapsed": false,
            "config": {
               "chartViewItems": ["legend"],
               "isUpdatedView": true,
               "refreshContent": {"refreshContent": true},
               "refreshInterval": 300,
               "resource": null,
               "selectFirstRow": {"selectFirstRow": false},
               "selfProvider": {"selfProvider": false},
               "title": "VM CPU Usage (for selected Cluster)",
               "traversalSpecId": "",
               "viewDefinitionId": "120fd503-ed32-4c44-9e9d-9de10e68f13f"
            },
            "gridsterCoords": {
               "h": 10,
               "w": 4,
               "x": 1,
               "y": 19
            },
            "height": 552,
            "id": "47222afe-bff5-43c1-9138-bc090a795e1e",
            "states": [
               {
                  "key": "permPageSize_widget_b1964d12-9fc7-41b4-9c14-4cc5e4ad5666_47222afe-bff5-43c1-9138-bc090a795e1e",
                  "value": "n%3A100"
               },
               {
                  "key": "permSelectedDate_widget_b1964d12-9fc7-41b4-9c14-4cc5e4ad5666_47222afe-bff5-43c1-9138-bc090a795e1e",
                  "value": "s%3A%7B%22minType%22%3A%22.TimeIntervalControl%22%2C%22count%22%3A6%2C%22unit%22%3A%22MONTHS%22%7D"
               },
               {
                  "key": "perm_isDashboardTime_widget_b1964d12-9fc7-41b4-9c14-4cc5e4ad5666_47222afe-bff5-43c1-9138-bc090a795e1e",
                  "value": "b%3A0"
               },
               {
                  "key": "perm_toolbarVisible_widget_b1964d12-9fc7-41b4-9c14-4cc5e4ad5666_47222afe-bff5-43c1-9138-bc090a795e1e",
                  "value": "b%3A1"
               }
            ],
            "title": "VM CPU Usage (for selected Cluster)",
            "type": "View"
         },
         {
            "collapsed": false,
            "config": {
               "chartViewItems": ["legend"],
               "isUpdatedView": true,
               "refreshContent": {"refreshContent": true},
               "refreshInterval": 300,
               "resource": null,
               "selectFirstRow": {"selectFirstRow": false},
               "selfProvider": {"selfProvider": false},
               "title": "VM CPU Demand (for selected Cluster)",
               "traversalSpecId": "",
               "viewDefinitionId": "41c7b02b-c25c-4a93-b2d4-d81d4cb7702f"
            },
            "gridsterCoords": {
               "h": 10,
               "w": 4,
               "x": 5,
               "y": 19
            },
            "height": 552,
            "id": "073e1860-d0bb-4b81-92d7-422e387d41c1",
            "states": [
               {
                  "key": "perm_isDashboardTime_widget_b1964d12-9fc7-41b4-9c14-4cc5e4ad5666_073e1860-d0bb-4b81-92d7-422e387d41c1",
                  "value": "b%3A0"
               },
               {
                  "key": "permSelectedDate_widget_b1964d12-9fc7-41b4-9c14-4cc5e4ad5666_073e1860-d0bb-4b81-92d7-422e387d41c1",
                  "value": "s%3A%7B%22minType%22%3A%22.TimeIntervalControl%22%2C%22count%22%3A6%2C%22unit%22%3A%22MONTHS%22%7D"
               },
               {
                  "key": "perm_toolbarVisible_widget_b1964d12-9fc7-41b4-9c14-4cc5e4ad5666_073e1860-d0bb-4b81-92d7-422e387d41c1",
                  "value": "b%3A0"
               },
               {
                  "key": "permPageSize_widget_b1964d12-9fc7-41b4-9c14-4cc5e4ad5666_073e1860-d0bb-4b81-92d7-422e387d41c1",
                  "value": "n%3A100"
               }
            ],
            "title": "VM CPU Demand (for selected Cluster)",
            "type": "View"
         },
         {
            "collapsed": false,
            "config": {
               "chartViewItems": ["legend"],
               "isUpdatedView": true,
               "refreshContent": {"refreshContent": true},
               "refreshInterval": 300,
               "resource": null,
               "selectFirstRow": {"selectFirstRow": false},
               "selfProvider": {"selfProvider": false},
               "title": "VM Memory Used (for selected Cluster)",
               "traversalSpecId": "",
               "viewDefinitionId": "3a764101-cd5d-43ae-9790-edcf2acd06c7"
            },
            "gridsterCoords": {
               "h": 10,
               "w": 4,
               "x": 9,
               "y": 19
            },
            "height": 552,
            "id": "4b572624-2fc3-4b39-939c-8f31305c2ad7",
            "states": [
               {
                  "key": "perm_isDashboardTime_widget_b1964d12-9fc7-41b4-9c14-4cc5e4ad5666_4b572624-2fc3-4b39-939c-8f31305c2ad7",
                  "value": "b%3A0"
               },
               {
                  "key": "perm_toolbarVisible_widget_b1964d12-9fc7-41b4-9c14-4cc5e4ad5666_4b572624-2fc3-4b39-939c-8f31305c2ad7",
                  "value": "b%3A0"
               }
            ],
            "title": "VM Memory Used (for selected Cluster)",
            "type": "View"
         },
         {
            "collapsed": false,
            "config": {
               "chartViewItems": [],
               "isUpdatedView": true,
               "refreshContent": {"refreshContent": true},
               "refreshInterval": 300,
               "resource": null,
               "selectFirstRow": {"selectFirstRow": true},
               "selfProvider": {"selfProvider": false},
               "title": "ESXi Hosts (for selected Cluster)",
               "traversalSpecId": "",
               "viewDefinitionId": "5b199593-0db6-4b4a-8dbc-315c23c19250"
            },
            "gridsterCoords": {
               "h": 6,
               "w": 9,
               "x": 1,
               "y": 7
            },
            "height": 323,
            "id": "c3a6482f-23f4-46d2-89d8-564a838698a3",
            "states": [{
               "key": "perm_isDashboardTime_widget_b1964d12-9fc7-41b4-9c14-4cc5e4ad5666_c3a6482f-23f4-46d2-89d8-564a838698a3",
               "value": "b%3A0"
            }],
            "title": "ESXi Hosts (for selected Cluster)",
            "type": "View"
         }
      ]
   }],
   "entries": {
      "resource": [{
         "adapterKindKey": "VMWARE",
         "identifiers": [],
         "internalId": "resource:id:0_::_",
         "name": "vSphere World",
         "resourceKindKey": "vSphere World"
      }],
      "resourceKind": [{
         "adapterKindKey": "VMWARE",
         "internalId": "resourceKind:id:0_::_",
         "resourceKindKey": "VirtualMachine"
      }]
   },
   "uuid": "6a2dc1d1-147b-4746-96b0-00d8e4255b69"
}